{
  "QS_1": {
    "1": 0.12820513,
    "2": 0.11470985,
    "3": 0.10230879,
    "4": 0.09094114,
    "5": 0.08054787,
    "6": 0.07107165,
    "7": 0.0624569,
    "8": 0.05464979,
    "9": 0.04759821,
    "10": 0.04125178,
    "11": 0.03556188,
    "12": 0.03048161,
    "13": 0.02596582,
    "14": 0.02197107,
    "15": 0.0184557,
    "16": 0.01537975,
    "17": 0.01270501,
    "18": 0.01039501,
    "19": 0.00841501,
    "20": 0.00673201,
    "21": 0.00531474,
    "22": 0.00413369,
    "23": 0.00316106,
    "24": 0.00237079,
    "25": 0.00173858,
    "26": 0.00124184,
    "27": 0.00085974,
    "28": 0.00057316,
    "29": 0.00036474,
    "30": 0.00021884,
    "31": 0.00012158,
    "32": 6.079e-05,
    "33": 2.605e-05,
    "34": 8.68e-06,
    "35": 1.74e-06
  },
  "QS_2": {
    "2": 0.01349528,
    "3": 0.02480213,
    "4": 0.03410293,
    "5": 0.04157309,
    "6": 0.0473811,
    "7": 0.05168847,
    "8": 0.05464979,
    "9": 0.05641269,
    "10": 0.05711785,
    "11": 0.056899,
    "12": 0.05588295,
    "13": 0.05418953,
    "14": 0.05193163,
    "15": 0.04921521,
    "16": 0.04613926,
    "17": 0.04279583,
    "18": 0.03927004,
    "19": 0.03564004,
    "20": 0.03197703,
    "21": 0.02834529,
    "22": 0.02480213,
    "23": 0.02139792,
    "24": 0.01817607,
    "25": 0.01517307,
    "26": 0.01241843,
    "27": 0.00993475,
    "28": 0.00773764,
    "29": 0.0058358,
    "30": 0.00423095,
    "31": 0.0029179,
    "32": 0.00188448,
    "33": 0.00111158,
    "34": 0.00057316,
    "35": 0.00023621,
    "36": 6.079e-05
  },
  "QS_3": {
    "3": 0.00109421,
    "4": 0.00310027,
    "5": 0.00584622,
    "6": 0.00917054,
    "7": 0.01292212,
    "8": 0.01696028,
    "9": 0.02115476,
    "10": 0.02538571,
    "11": 0.02954371,
    "12": 0.03352977,
    "13": 0.0372553,
    "14": 0.04064215,
    "15": 0.04362257,
    "16": 0.04613926,
    "17": 0.04814531,
    "18": 0.04960426,
    "19": 0.05049005,
    "20": 0.05078705,
    "21": 0.05049005,
    "22": 0.04960426,
    "23": 0.04814531,
    "24": 0.04613926,
    "25": 0.04362257,
    "26": 0.04064215,
    "27": 0.0372553,
    "28": 0.03352977,
    "29": 0.02954371,
    "30": 0.02538571,
    "31": 0.02115476,
    "32": 0.01696028,
    "33": 0.01292212,
    "34": 0.00917054,
    "35": 0.00584622,
    "36": 0.00310027,
    "37": 0.00109421
  },
  "QS_4": {
    "4": 6.079e-05,
    "5": 0.00023621,
    "6": 0.00057316,
    "7": 0.00111158,
    "8": 0.00188448,
    "9": 0.0029179,
    "10": 0.00423095,
    "11": 0.0058358,
    "12": 0.00773764,
    "13": 0.00993475,
    "14": 0.01241843,
    "15": 0.01517307,
    "16": 0.01817607,
    "17": 0.02139792,
    "18": 0.02480213,
    "19": 0.02834529,
    "20": 0.03197703,
    "21": 0.03564004,
    "22": 0.03927004,
    "23": 0.04279583,
    "24": 0.04613926,
    "25": 0.04921521,
    "26": 0.05193163,
    "27": 0.05418953,
    "28": 0.05588295,
    "29": 0.056899,
    "30": 0.05711785,
    "31": 0.05641269,
    "32": 0.05464979,
    "33": 0.05168847,
    "34": 0.0473811,
    "35": 0.04157309,
    "36": 0.03410293,
    "37": 0.02480213,
    "38": 0.01349528
  },
  "QS_5": {
    "5": 1.74e-06,
    "6": 8.68e-06,
    "7": 2.605e-05,
    "8": 6.079e-05,
    "9": 0.00012158,
    "10": 0.00021884,
    "11": 0.00036474,
    "12": 0.00057316,
    "13": 0.00085974,
    "14": 0.00124184,
    "15": 0.00173858,
    "16": 0.00237079,
    "17": 0.00316106,
    "18": 0.00413369,
    "19": 0.00531474,
    "20": 0.00673201,
    "21": 0.00841501,
    "22": 0.01039501,
    "23": 0.01270501,
    "24": 0.01537975,
    "25": 0.0184557,
    "26": 0.02197107,
    "27": 0.02596582,
    "28": 0.03048161,
    "29": 0.03556188,
    "30": 0.04125178,
    "31": 0.04759821,
    "32": 0.05464979,
    "33": 0.0624569,
    "34": 0.07107165,
    "35": 0.08054787,
    "36": 0.09094114,
    "37": 0.10230879,
    "38": 0.11470985,
    "39": 0.12820513
  }
}