{
  "QS_1": {
    "raw_logits": {
      "1": 1.6844011545181274,
      "2": 1.490153431892395,
      "3": 1.3312618732452393,
      "4": 1.536622166633606,
      "5": 1.2593227624893188,
      "6": 0.9896093010902405,
      "7": 1.183953881263733,
      "8": 0.7664949893951416,
      "9": 0.6707439422607422,
      "10": 0.793752133846283,
      "11": 0.48213937878608704,
      "12": 0.25473523139953613,
      "13": 0.3063993752002716,
      "14": 0.04501369595527649,
      "15": -0.08327600359916687,
      "16": -0.5351359248161316,
      "17": -0.5835325717926025,
      "18": -0.3752511143684387,
      "19": -0.8771673440933228,
      "20": -0.8723590970039368,
      "21": -1.0935505628585815,
      "22": -1.3613373041152954,
      "23": -1.4022058248519897,
      "24": -1.5728514194488525,
      "25": -1.9574027061462402,
      "26": -2.0901741981506348,
      "27": -2.6136417388916016,
      "28": -2.858665943145752,
      "29": -4.26602029800415,
      "30": -3.387012481689453,
      "31": -5.490049362182617,
      "32": -5.638064861297607,
      "33": -5.5307464599609375,
      "34": -5.884449005126953,
      "35": -5.642861366271973,
      "36": -6.209719181060791,
      "37": -5.18914270401001,
      "38": -6.098008632659912,
      "39": -5.335239887237549
    },
    "probabilities": {
      "1": 0.12115664780139923,
      "2": 0.09976691752672195,
      "3": 0.08511004596948624,
      "4": 0.10451235622167587,
      "5": 0.07920234650373459,
      "6": 0.060478776693344116,
      "7": 0.07345236092805862,
      "8": 0.04838443174958229,
      "9": 0.04396646097302437,
      "10": 0.04972139373421669,
      "11": 0.03640923649072647,
      "12": 0.029003554955124855,
      "13": 0.030541380867362022,
      "14": 0.023516369983553886,
      "15": 0.020684964954853058,
      "16": 0.013164808973670006,
      "17": 0.012542846612632275,
      "18": 0.015447264537215233,
      "19": 0.009351303800940514,
      "20": 0.00939637515693903,
      "21": 0.007531789131462574,
      "22": 0.005762352608144283,
      "23": 0.00553160160779953,
      "24": 0.004663804545998573,
      "25": 0.0031749140471220016,
      "26": 0.002780161565169692,
      "27": 0.0016471417620778084,
      "28": 0.0012891942169517279,
      "29": 0.00031558191403746605,
      "30": 0.0007600818062201142,
      "31": 9.279466758016497e-05,
      "32": 8.002777030924335e-05,
      "33": 8.909400639822707e-05,
      "34": 6.255145854083821e-05,
      "35": 7.964482938405126e-05,
      "36": 4.518292917055078e-05,
      "37": 0.00012537332077044994,
      "38": 5.05230636917986e-05,
      "39": 0.00010833179112523794
    }
  },
  "QS_2": {
    "raw_logits": {
      "1": -5.2529215812683105,
      "2": -0.45673900842666626,
      "3": -0.04853370785713196,
      "4": 0.2765613794326782,
      "5": 0.460856169462204,
      "6": 0.6911668181419373,
      "7": 0.6775513291358948,
      "8": 0.7041467428207397,
      "9": 0.7339698672294617,
      "10": 0.7554095387458801,
      "11": 0.8285912871360779,
      "12": 0.6728274822235107,
      "13": 0.79336017370224,
      "14": 0.6101270318031311,
      "15": 0.7007603645324707,
      "16": 0.40883195400238037,
      "17": 0.44181308150291443,
      "18": 0.328771710395813,
      "19": 0.2810593247413635,
      "20": 0.25541073083877563,
      "21": 0.026406027376651764,
      "22": 0.21660475432872772,
      "23": -0.1622111201286316,
      "24": -0.33465662598609924,
      "25": -0.352172315120697,
      "26": -0.5745835900306702,
      "27": -0.7563185691833496,
      "28": -1.0936250686645508,
      "29": -1.3581374883651733,
      "30": -1.389540195465088,
      "31": -1.7705483436584473,
      "32": -2.017421007156372,
      "33": -2.2638063430786133,
      "34": -3.0235161781311035,
      "35": -4.243518829345703,
      "36": -5.54392147064209,
      "37": -5.255613803863525,
      "38": -5.588629722595215,
      "39": -5.332835674285889
    },
    "probabilities": {
      "1": 0.00013424389180727303,
      "2": 0.01624988205730915,
      "3": 0.024441704154014587,
      "4": 0.033831287175416946,
      "5": 0.04067772999405861,
      "6": 0.051212895661592484,
      "7": 0.050520334392786026,
      "8": 0.05188196897506714,
      "9": 0.05345255509018898,
      "10": 0.05461093410849571,
      "11": 0.05875732749700546,
      "12": 0.05028224736452103,
      "13": 0.05672328174114227,
      "14": 0.04722633212804794,
      "15": 0.051706574857234955,
      "16": 0.03861560672521591,
      "17": 0.03991042822599411,
      "18": 0.03564454987645149,
      "19": 0.03398380056023598,
      "20": 0.03312324732542038,
      "21": 0.02634373866021633,
      "22": 0.03186248615384102,
      "23": 0.021815340965986252,
      "24": 0.01835988275706768,
      "25": 0.0180410947650671,
      "26": 0.014443449676036835,
      "27": 0.012043269351124763,
      "28": 0.008595161139965057,
      "29": 0.006597476080060005,
      "30": 0.006393515504896641,
      "31": 0.0043678730726242065,
      "32": 0.0034123577643185854,
      "33": 0.0026671704836189747,
      "34": 0.001247708103619516,
      "35": 0.00036836008075624704,
      "36": 0.00010034941806225106,
      "37": 0.00013388296065386385,
      "38": 9.596179006621242e-05,
      "39": 0.00012393337965477258
    }
  },
  "QS_3": {
    "raw_logits": {
      "1": -4.55754280090332,
      "2": -5.016743183135986,
      "3": -2.099978446960449,
      "4": -1.5332685708999634,
      "5": -1.191631555557251,
      "6": -0.5880541801452637,
      "7": -0.3555564880371094,
      "8": -0.21212881803512573,
      "9": 0.010078802704811096,
      "10": 0.23579593002796173,
      "11": 0.43126678466796875,
      "12": 0.465981125831604,
      "13": 0.6339473128318787,
      "14": 0.6185259819030762,
      "15": 0.6488352417945862,
      "16": 0.7453667521476746,
      "17": 0.919339656829834,
      "18": 0.878773033618927,
      "19": 0.8581488728523254,
      "20": 0.739098846912384,
      "21": 0.8370686173439026,
      "22": 0.814844012260437,
      "23": 0.7642475962638855,
      "24": 0.8171045780181885,
      "25": 0.6979091763496399,
      "26": 0.6979856491088867,
      "27": 0.7548917531967163,
      "28": 0.412676066160202,
      "29": 0.38074690103530884,
      "30": 0.31766629219055176,
      "31": 0.1513146162033081,
      "32": -0.16001015901565552,
      "33": -0.5055649280548096,
      "34": -0.5292637944221497,
      "35": -1.2975527048110962,
      "36": -1.8626066446304321,
      "37": -2.3615190982818604,
      "38": -4.977616786956787,
      "39": -5.3819050788879395
    },
    "probabilities": {
      "1": 0.00021633421420119703,
      "2": 0.0001366774959024042,
      "3": 0.0025259912945330143,
      "4": 0.004451956134289503,
      "5": 0.006265011616051197,
      "6": 0.011456506326794624,
      "7": 0.01445521879941225,
      "8": 0.016684550791978836,
      "9": 0.020836176350712776,
      "10": 0.02611234039068222,
      "11": 0.031749557703733444,
      "12": 0.032871074974536896,
      "13": 0.03888308256864548,
      "14": 0.03828805312514305,
      "15": 0.03946630284190178,
      "16": 0.0434659868478775,
      "17": 0.051725540310144424,
      "18": 0.04966920241713524,
      "19": 0.04865530878305435,
      "20": 0.043194398283958435,
      "21": 0.047640375792980194,
      "22": 0.04659326374530792,
      "23": 0.044294461607933044,
      "24": 0.046698711812496185,
      "25": 0.04145137965679169,
      "26": 0.04145454987883568,
      "27": 0.04388198256492615,
      "28": 0.03116476535797119,
      "29": 0.03018541820347309,
      "30": 0.028340116143226624,
      "31": 0.023996947333216667,
      "32": 0.017577188089489937,
      "33": 0.01244161743670702,
      "34": 0.012150231748819351,
      "35": 0.005635350942611694,
      "36": 0.003202736144885421,
      "37": 0.0019446712685748935,
      "38": 0.00014213118993211538,
      "39": 9.486570343142375e-05
    }
  },
  "QS_4": {
    "raw_logits": {
      "1": -4.910462856292725,