{
  "generated": "2026-04-09T12:11:50.025871",
  "datasets": {
    "QS_1": {
      "variable": "QS_1",
      "count": 11762,
      "mean": 6.6551,
      "std": 5.211,
      "min": 1,
      "25%": 3.0,
      "50%": 5.0,
      "75%": 9.0,
      "max": 30,
      "skew": 1.2054,
      "kurtosis": 1.2477,
      "mode": 1,
      "mode_freq": 1505,
      "iqr": 6.0
    },
    "QS_2": {
      "variable": "QS_2",
      "count": 11762,
      "mean": 13.2072,
      "std": 6.608,
      "min": 2,
      "25%": 8.0,
      "50%": 12.0,
      "75%": 18.0,
      "max": 35,
      "skew": 0.5091,
      "kurtosis": -0.3276,
      "mode": 10,
      "mode_freq": 715,
      "iqr": 10.0
    },
    "QS_3": {
      "variable": "QS_3",
      "count": 11762,
      "mean": 19.9144,
      "std": 7.0131,
      "min": 3,
      "25%": 15.0,
      "50%": 20.0,
      "75%": 25.0,
      "max": 37,
      "skew": -0.0087,
      "kurtosis": -0.6989,
      "mode": 20,
      "mode_freq": 578,
      "iqr": 10.0
    },
    "QS_4": {
      "variable": "QS_4",
      "count": 11762,
      "mean": 26.6467,
      "std": 6.5995,
      "min": 4,
      "25%": 22.0,
      "50%": 27.0,
      "75%": 32.0,
      "max": 38,
      "skew": -0.488,
      "kurtosis": -0.3585,
      "mode": 30,
      "mode_freq": 681,
      "iqr": 10.0
    },
    "QS_5": {
      "variable": "QS_5",
      "count": 11762,
      "mean": 33.2438,
      "std": 5.3161,
      "min": 9,
      "25%": 30.0,
      "50%": 35.0,
      "75%": 37.0,
      "max": 39,
      "skew": -1.1925,
      "kurtosis": 1.1717,
      "mode": 39,
      "mode_freq": 1564,
      "iqr": 7.0
    }
  },
  "correlations": {
    "pearson": {
      "QS_1": {
        "QS_1": 1.0,
        "QS_2": 0.649622308091972,
        "QS_3": 0.4572622206935123,
        "QS_4": 0.3198587026557165,
        "QS_5": 0.20807295865432543
      },
      "QS_2": {
        "QS_1": 0.649622308091972,
        "QS_2": 1.0,
        "QS_3": 0.7090913730767392,
        "QS_4": 0.4926094236200508,
        "QS_5": 0.31803024031212057
      },
      "QS_3": {
        "QS_1": 0.4572622206935123,
        "QS_2": 0.7090913730767392,
        "QS_3": 1.0,
        "QS_4": 0.700071700381542,
        "QS_5": 0.4489803062919712
      },
      "QS_4": {
        "QS_1": 0.3198587026557165,
        "QS_2": 0.4926094236200508,
        "QS_3": 0.700071700381542,
        "QS_4": 1.0,
        "QS_5": 0.641728871870767
      },
      "QS_5": {
        "QS_1": 0.20807295865432543,
        "QS_2": 0.31803024031212057,
        "QS_3": 0.4489803062919712,
        "QS_4": 0.641728871870767,
        "QS_5": 1.0
      }
    },
    "spearman": {
      "QS_1": {
        "QS_1": 1.0,
        "QS_2": 0.6209290605269079,
        "QS_3": 0.4224149521303657,
        "QS_4": 0.2852844538882139,
        "QS_5": 0.17071649250260343
      },
      "QS_2": {
        "QS_1": 0.6209290605269079,
        "QS_2": 1.0,
        "QS_3": 0.6933322726449753,
        "QS_4": 0.4648976105329903,
        "QS_5": 0.27814083966045466
      },
      "QS_3": {
        "QS_1": 0.4224149521303657,
        "QS_2": 0.6933322726449753,
        "QS_3": 1.0,
        "QS_4": 0.6863549847571621,
        "QS_5": 0.41428036267892676
      },
      "QS_4": {
        "QS_1": 0.2852844538882139,
        "QS_2": 0.4648976105329903,
        "QS_3": 0.6863549847571621,
        "QS_4": 1.0,
        "QS_5": 0.6131613540488441
      },
      "QS_5": {
        "QS_1": 0.17071649250260343,
        "QS_2": 0.27814083966045466,
        "QS_3": 0.41428036267892676,
        "QS_4": 0.6131613540488441,
        "QS_5": 1.0
      }
    }
  },
  "gap_summary": {
    "QS_1": {
      "total_gaps": 11761,
      "gap_distribution": {
        "1": 11293,
        "2": 340,
        "3": 3,
        "4": 125
      },
      "gaps_gt_7days": 0,
      "gaps_gt_30days": 0,
      "mean_gap": 1.06,
      "std_gap": 0.35
    },
    "QS_2": {
      "total_gaps": 11761,
      "gap_distribution": {
        "1": 11293,
        "2": 340,
        "3": 3,
        "4": 125
      },
      "gaps_gt_7days": 0,
      "gaps_gt_30days": 0,
      "mean_gap": 1.06,
      "std_gap": 0.35
    },
    "QS_3": {
      "total_gaps": 11761,
      "gap_distribution": {
        "1": 11293,
        "2": 340,
        "3": 3,
        "4": 125
      },
      "gaps_gt_7days": 0,
      "gaps_gt_30days": 0,
      "mean_gap": 1.06,
      "std_gap": 0.35
    },
    "QS_4": {
      "total_gaps": 11761,
      "gap_distribution": {
        "1": 11293,
        "2": 340,
        "3": 3,
        "4": 125
      },
      "gaps_gt_7days": 0,
      "gaps_gt_30days": 0,
      "mean_gap": 1.06,
      "std_gap": 0.35
    },
    "QS_5": {
      "total_gaps": 11761,
      "gap_distribution": {
        "1": 11293,
        "2": 340,
        "3": 3,
        "4": 125
      },
      "gaps_gt_7days": 0,
      "gaps_gt_30days": 0,
      "mean_gap": 1.06,
      "std_gap": 0.35
    }
  }
}